{
  "timestamp": "2026-03-05T11:26:43.504220",
  "step": 92,
  "loss": 0,
  "elapsed_hours": 1.0,
  "remaining_hours": 167.0,
  "gpu": {
    "mem_allocated_gb": 18.20108544,
    "mem_reserved_gb": 30.320623616,
    "mem_total_gb": 34.19045888
  }
}